Id,task_1,task_2
data/test/melanoma/ISIC_0012258.jpg,0.1129390224814415,0.5873945355415344
data/test/melanoma/ISIC_0012356.jpg,0.2716641128063202,0.4117109477519989
data/test/melanoma/ISIC_0012369.jpg,0.4249040484428406,0.2873658835887909
data/test/melanoma/ISIC_0012395.jpg,0.46768394112586975,0.04809369891881943
data/test/melanoma/ISIC_0012425.jpg,0.23167400062084198,0.28805792331695557
data/test/melanoma/ISIC_0012758.jpg,0.08806119859218597,0.012938178144395351
data/test/melanoma/ISIC_0012989.jpg,0.17321890592575073,0.10498280823230743
data/test/melanoma/ISIC_0013072.jpg,0.2711370885372162,0.4248313307762146
data/test/melanoma/ISIC_0013073.jpg,0.42270490527153015,0.07417595386505127
data/test/melanoma/ISIC_0013242.jpg,0.45624369382858276,0.07907027006149292
data/test/melanoma/ISIC_0013277.jpg,0.21070507168769836,0.20379754900932312
data/test/melanoma/ISIC_0013321.jpg,0.16150327026844025,0.45286116003990173
data/test/melanoma/ISIC_0013374.jpg,0.32619303464889526,0.05118700861930847
data/test/melanoma/ISIC_0013411.jpg,0.1951039731502533,0.5397485494613647
data/test/melanoma/ISIC_0013414.jpg,0.12013957649469376,0.03308829292654991
data/test/melanoma/ISIC_0013455.jpg,0.3778859078884125,0.008619613014161587
data/test/melanoma/ISIC_0013457.jpg,0.4996411204338074,0.045295342803001404
data/test/melanoma/ISIC_0013459.jpg,0.2817416787147522,0.1421646773815155
data/test/melanoma/ISIC_0013472.jpg,0.39496269822120667,0.31994715332984924
data/test/melanoma/ISIC_0013473.jpg,0.48521143198013306,0.19248899817466736
data/test/melanoma/ISIC_0013565.jpg,0.23759795725345612,0.28276732563972473
data/test/melanoma/ISIC_0013577.jpg,0.20810428261756897,0.6331561803817749
data/test/melanoma/ISIC_0013588.jpg,0.19930791854858398,0.4684773087501526
data/test/melanoma/ISIC_0013615.jpg,0.5657168626785278,0.10407057404518127
data/test/melanoma/ISIC_0013617.jpg,0.3425440788269043,0.26232677698135376
data/test/melanoma/ISIC_0013636.jpg,0.514660120010376,0.11575216054916382
data/test/melanoma/ISIC_0013678.jpg,0.21645358204841614,0.42300528287887573
data/test/melanoma/ISIC_0013696.jpg,0.22246524691581726,0.2963961064815521
data/test/melanoma/ISIC_0013733.jpg,0.3691484332084656,0.20622532069683075
data/test/melanoma/ISIC_0013739.jpg,0.24899429082870483,0.3970140814781189
data/test/melanoma/ISIC_0013766.jpg,0.2847733199596405,0.029636671766638756
data/test/melanoma/ISIC_0013767.jpg,0.3390721380710602,0.38365086913108826
data/test/melanoma/ISIC_0013813.jpg,0.29934918880462646,0.417133092880249
data/test/melanoma/ISIC_0013814.jpg,0.2980010509490967,0.36794209480285645
data/test/melanoma/ISIC_0013833.jpg,0.5490715503692627,0.10853753238916397
data/test/melanoma/ISIC_0013842.jpg,0.3375721871852875,0.2346811145544052
data/test/melanoma/ISIC_0013867.jpg,0.24855558574199677,0.3380752205848694
data/test/melanoma/ISIC_0013908.jpg,0.45319947600364685,0.21831245720386505
data/test/melanoma/ISIC_0013917.jpg,0.37346142530441284,0.068160280585289
data/test/melanoma/ISIC_0013925.jpg,0.19137606024742126,0.5883612632751465
data/test/melanoma/ISIC_0013948.jpg,0.4693843424320221,0.07828331738710403
data/test/melanoma/ISIC_0013953.jpg,0.09004552662372589,0.6459450721740723
data/test/melanoma/ISIC_0013987.jpg,0.35864371061325073,0.38815391063690186
data/test/melanoma/ISIC_0013988.jpg,0.4826451241970062,0.19063591957092285
data/test/melanoma/ISIC_0014027.jpg,0.19559094309806824,0.2482723891735077
data/test/melanoma/ISIC_0014059.jpg,0.11245007067918777,0.005242486484348774
data/test/melanoma/ISIC_0014077.jpg,0.35183316469192505,0.019793163985013962
data/test/melanoma/ISIC_0014103.jpg,0.25134968757629395,0.3688720762729645
data/test/melanoma/ISIC_0014110.jpg,0.18972815573215485,0.00551577378064394
data/test/melanoma/ISIC_0014129.jpg,0.39478689432144165,0.2070978283882141
data/test/melanoma/ISIC_0014148.jpg,0.3100338876247406,0.27868083119392395
data/test/melanoma/ISIC_0014160.jpg,0.4550463557243347,0.16331805288791656
data/test/melanoma/ISIC_0014181.jpg,0.3555741012096405,0.38384363055229187
data/test/melanoma/ISIC_0014186.jpg,0.09661950916051865,0.7154841423034668
data/test/melanoma/ISIC_0014219.jpg,0.2297009378671646,0.4637058973312378
data/test/melanoma/ISIC_0014221.jpg,0.3267683684825897,0.13615241646766663
data/test/melanoma/ISIC_0014233.jpg,0.218487948179245,0.6118699908256531
data/test/melanoma/ISIC_0014255.jpg,0.11905388534069061,0.5631692409515381
data/test/melanoma/ISIC_0014270.jpg,0.2837783694267273,0.39722269773483276
data/test/melanoma/ISIC_0014284.jpg,0.3429149389266968,0.36760199069976807
data/test/melanoma/ISIC_0014288.jpg,0.34262606501579285,0.14109379053115845
data/test/melanoma/ISIC_0014319.jpg,0.424410343170166,0.039420463144779205
data/test/melanoma/ISIC_0014336.jpg,0.3665250539779663,0.3300301730632782
data/test/melanoma/ISIC_0014349.jpg,0.5013709664344788,0.07583975791931152
data/test/melanoma/ISIC_0014369.jpg,0.3612295389175415,0.05947822704911232
data/test/melanoma/ISIC_0014423.jpg,0.3161172568798065,0.40685927867889404
data/test/melanoma/ISIC_0014434.jpg,0.0820438340306282,0.7577791810035706
data/test/melanoma/ISIC_0014454.jpg,0.38277801871299744,0.3121434450149536
data/test/melanoma/ISIC_0014478.jpg,0.47373297810554504,0.061547547578811646
data/test/melanoma/ISIC_0014489.jpg,0.39206305146217346,0.1167343333363533
data/test/melanoma/ISIC_0014506.jpg,0.43318748474121094,0.3124767541885376
data/test/melanoma/ISIC_0014513.jpg,0.26559773087501526,0.38823968172073364
data/test/melanoma/ISIC_0014541.jpg,0.5094425082206726,0.16677334904670715
data/test/melanoma/ISIC_0014542.jpg,0.13685527443885803,0.6039310097694397
data/test/melanoma/ISIC_0014546.jpg,0.34948092699050903,0.36995211243629456
data/test/melanoma/ISIC_0014548.jpg,0.38805946707725525,0.2567062973976135
data/test/melanoma/ISIC_0014559.jpg,0.507660448551178,0.1695232093334198
data/test/melanoma/ISIC_0014663.jpg,0.4727734923362732,0.09512090682983398
data/test/melanoma/ISIC_0014666.jpg,0.3595893383026123,0.324738472700119
data/test/melanoma/ISIC_0014695.jpg,0.18675479292869568,0.5298757553100586
data/test/melanoma/ISIC_0014703.jpg,0.3425121009349823,0.360038161277771
data/test/melanoma/ISIC_0014727.jpg,0.2514467239379883,0.42239272594451904
data/test/melanoma/ISIC_0014766.jpg,0.38738104701042175,0.17067590355873108
data/test/melanoma/ISIC_0014772.jpg,0.2500051259994507,0.20765241980552673
data/test/melanoma/ISIC_0014784.jpg,0.27144768834114075,0.3581761121749878
data/test/melanoma/ISIC_0014790.jpg,0.13027578592300415,0.6288338899612427
data/test/melanoma/ISIC_0014800.jpg,0.41254499554634094,0.09263554215431213
data/test/melanoma/ISIC_0014826.jpg,0.2209799587726593,0.005817043595016003
data/test/melanoma/ISIC_0014862.jpg,0.24488882720470428,0.27731114625930786
data/test/melanoma/ISIC_0014872.jpg,0.1197354719042778,0.6440485119819641
data/test/melanoma/ISIC_0014883.jpg,0.140859454870224,0.0025016991421580315
data/test/melanoma/ISIC_0014912.jpg,0.3874093294143677,0.06929274648427963
data/test/melanoma/ISIC_0014928.jpg,0.14863169193267822,0.053566496819257736
data/test/melanoma/ISIC_0014932.jpg,0.16177214682102203,0.024275407195091248
data/test/melanoma/ISIC_0014963.jpg,0.34779447317123413,0.23905283212661743
data/test/melanoma/ISIC_0014982.jpg,0.4343247413635254,0.1869530975818634
data/test/melanoma/ISIC_0015004.jpg,0.19208167493343353,0.46052366495132446
data/test/melanoma/ISIC_0015041.jpg,0.24974079430103302,0.06382189691066742
data/test/melanoma/ISIC_0015046.jpg,0.2830326557159424,0.11478438973426819
data/test/melanoma/ISIC_0015050.jpg,0.2983229458332062,0.08413591235876083
data/test/melanoma/ISIC_0015071.jpg,0.4334987998008728,0.1689421534538269
data/test/melanoma/ISIC_0015115.jpg,0.4268738031387329,0.15271496772766113
data/test/melanoma/ISIC_0015119.jpg,0.3196132183074951,0.40315932035446167
data/test/melanoma/ISIC_0015127.jpg,0.2690901458263397,0.009931967593729496
data/test/melanoma/ISIC_0015132.jpg,0.4450865089893341,0.09550389647483826
data/test/melanoma/ISIC_0015133.jpg,0.40762007236480713,0.2285824418067932
data/test/melanoma/ISIC_0015136.jpg,0.5229374766349792,0.07293452322483063
data/test/melanoma/ISIC_0015142.jpg,0.15734443068504333,0.5740329623222351
data/test/melanoma/ISIC_0015156.jpg,0.23281848430633545,0.1511712670326233
data/test/melanoma/ISIC_0015163.jpg,0.2334287315607071,0.5296659469604492
data/test/melanoma/ISIC_0015167.jpg,0.46304890513420105,0.2693614065647125
data/test/melanoma/ISIC_0015180.jpg,0.1771731972694397,0.5600379705429077
data/test/melanoma/ISIC_0015185.jpg,0.2903156280517578,0.32987847924232483
data/test/melanoma/ISIC_0015193.jpg,0.39514756202697754,0.028665388002991676
data/test/melanoma/ISIC_0015206.jpg,0.23439711332321167,0.03937084227800369
data/test/melanoma/ISIC_0015229.jpg,0.4814467132091522,0.17909976840019226
data/test/melanoma/ISIC_0015251.jpg,0.2716616094112396,0.18654204905033112
data/test/nevus/ISIC_0012092.jpg,0.11567331850528717,0.022587087005376816
data/test/nevus/ISIC_0012095.jpg,0.1585502326488495,0.18632903695106506
data/test/nevus/ISIC_0012147.jpg,0.197053462266922,0.13785633444786072
data/test/nevus/ISIC_0012149.jpg,0.20111072063446045,0.4606882631778717
data/test/nevus/ISIC_0012152.jpg,0.09138385951519012,0.7093828916549683
data/test/nevus/ISIC_0012216.jpg,0.17404507100582123,0.48891088366508484
data/test/nevus/ISIC_0012357.jpg,0.40253326296806335,0.2777014672756195
data/test/nevus/ISIC_0012484.jpg,0.07840796560049057,0.6996131539344788
data/test/nevus/ISIC_0012493.jpg,0.07101723551750183,0.6580600738525391
data/test/nevus/ISIC_0012551.jpg,0.18988649547100067,0.151078462600708
data/test/nevus/ISIC_0012654.jpg,0.24074730277061462,0.08203597366809845
data/test/nevus/ISIC_0012656.jpg,0.15698972344398499,0.010583101771771908
data/test/nevus/ISIC_0012708.jpg,0.32825812697410583,0.0939660370349884
data/test/nevus/ISIC_0012722.jpg,0.2977423667907715,0.23739828169345856
data/test/nevus/ISIC_0012803.jpg,0.29447489976882935,0.35140037536621094
data/test/nevus/ISIC_0012836.jpg,0.3524017930030823,0.22665973007678986
data/test/nevus/ISIC_0012837.jpg,0.10716135054826736,0.6204749941825867
data/test/nevus/ISIC_0012903.jpg,0.25449633598327637,0.0304863378405571
data/test/nevus/ISIC_0012904.jpg,0.15290553867816925,0.1411866396665573
data/test/nevus/ISIC_0012941.jpg,0.044600650668144226,0.428524911403656
data/test/nevus/ISIC_0012967.jpg,0.08427385985851288,0.4493102729320526
data/test/nevus/ISIC_0013045.jpg,0.1864919364452362,0.10840685665607452
data/test/nevus/ISIC_0013070.jpg,0.18625426292419434,0.3204493522644043
data/test/nevus/ISIC_0013109.jpg,0.2225743681192398,0.10456199944019318
data/test/nevus/ISIC_0013159.jpg,0.13303421437740326,0.6418231725692749
data/test/nevus/ISIC_0013164.jpg,0.22660790383815765,0.2667561173439026
data/test/nevus/ISIC_0013176.jpg,0.27173590660095215,0.0933237373828888
data/test/nevus/ISIC_0013191.jpg,0.26588740944862366,0.46504631638526917
data/test/nevus/ISIC_0013216.jpg,0.19449514150619507,0.2143554985523224
data/test/nevus/ISIC_0013226.jpg,0.10231418907642365,0.5931134223937988
data/test/nevus/ISIC_0013230.jpg,0.13648459315299988,0.11171509325504303
data/test/nevus/ISIC_0013269.jpg,0.4345790445804596,0.13112902641296387
data/test/nevus/ISIC_0013291.jpg,0.3007541000843048,0.08216145634651184
data/test/nevus/ISIC_0013325.jpg,0.1295488029718399,0.2626318633556366
data/test/nevus/ISIC_0013399.jpg,0.060503680258989334,0.47560420632362366
data/test/nevus/ISIC_0013416.jpg,0.14711487293243408,0.1368464082479477
data/test/nevus/ISIC_0013511.jpg,0.2796103358268738,0.4638531506061554
data/test/nevus/ISIC_0013512.jpg,0.2256806492805481,0.4086730480194092
data/test/nevus/ISIC_0013529.jpg,0.294893741607666,0.01982828602194786
data/test/nevus/ISIC_0013600.jpg,0.2583055794239044,0.07780905067920685
data/test/nevus/ISIC_0013602.jpg,0.27481943368911743,0.2276105433702469
data/test/nevus/ISIC_0013738.jpg,0.2593080401420593,0.14850953221321106
data/test/nevus/ISIC_0013794.jpg,0.12837348878383636,0.2256283462047577
data/test/nevus/ISIC_0013809.jpg,0.3403691053390503,0.1992304027080536
data/test/nevus/ISIC_0013891.jpg,0.190398171544075,0.35563766956329346
data/test/nevus/ISIC_0013897.jpg,0.2187996506690979,0.48406797647476196
data/test/nevus/ISIC_0013911.jpg,0.27518048882484436,0.31855082511901855
data/test/nevus/ISIC_0013966.jpg,0.11685331910848618,0.6037419438362122
data/test/nevus/ISIC_0013998.jpg,0.2737841308116913,0.29799705743789673
data/test/nevus/ISIC_0014090.jpg,0.2753690779209137,0.09304212033748627
data/test/nevus/ISIC_0014117.jpg,0.25514134764671326,0.07903537899255753
data/test/nevus/ISIC_0014470.jpg,0.12545429170131683,0.570187509059906
data/test/nevus/ISIC_0014675.jpg,0.0888199508190155,0.09964274615049362
data/test/nevus/ISIC_0014677.jpg,0.09368029236793518,0.33312395215034485
data/test/nevus/ISIC_0014687.jpg,0.2508765161037445,0.05994217470288277
data/test/nevus/ISIC_0014693.jpg,0.1824101060628891,0.18204566836357117
data/test/nevus/ISIC_0014697.jpg,0.21640455722808838,0.16701585054397583
data/test/nevus/ISIC_0014698.jpg,0.14510388672351837,0.22148877382278442
data/test/nevus/ISIC_0014720.jpg,0.3136882483959198,0.023932071402668953
data/test/nevus/ISIC_0014725.jpg,0.1979859620332718,0.09569941461086273
data/test/nevus/ISIC_0014728.jpg,0.27615803480148315,0.09313352406024933
data/test/nevus/ISIC_0014729.jpg,0.1937912404537201,0.3413986563682556
data/test/nevus/ISIC_0014740.jpg,0.455191969871521,0.2873165011405945
data/test/nevus/ISIC_0014743.jpg,0.1622621715068817,0.14634495973587036
data/test/nevus/ISIC_0014746.jpg,0.4183059334754944,0.05137362703680992
data/test/nevus/ISIC_0014749.jpg,0.147181898355484,0.12272024899721146
data/test/nevus/ISIC_0014753.jpg,0.3532520830631256,0.03422875702381134
data/test/nevus/ISIC_0014755.jpg,0.23971429467201233,0.00911008007824421
data/test/nevus/ISIC_0014765.jpg,0.09523408859968185,0.14443115890026093
data/test/nevus/ISIC_0014768.jpg,0.06600339710712433,0.01867823675274849
data/test/nevus/ISIC_0014773.jpg,0.16808289289474487,0.28507792949676514
data/test/nevus/ISIC_0014780.jpg,0.2059803456068039,0.06759003549814224
data/test/nevus/ISIC_0014786.jpg,0.4096887409687042,0.264188289642334
data/test/nevus/ISIC_0014787.jpg,0.32694798707962036,0.033972471952438354
data/test/nevus/ISIC_0014792.jpg,0.15909922122955322,0.5907521843910217
data/test/nevus/ISIC_0014796.jpg,0.21230992674827576,0.06913018226623535
data/test/nevus/ISIC_0014798.jpg,0.2843928039073944,0.30499789118766785
data/test/nevus/ISIC_0014807.jpg,0.34709632396698,0.07913072407245636
data/test/nevus/ISIC_0014814.jpg,0.12449153512716293,0.01578114926815033
data/test/nevus/ISIC_0014815.jpg,0.2309221774339676,0.04429740458726883
data/test/nevus/ISIC_0014820.jpg,0.15904703736305237,0.03738144412636757
data/test/nevus/ISIC_0014822.jpg,0.08853116631507874,0.10902883112430573
data/test/nevus/ISIC_0014833.jpg,0.2631967067718506,0.4361412227153778
data/test/nevus/ISIC_0014835.jpg,0.2802879512310028,0.15052565932273865
data/test/nevus/ISIC_0014844.jpg,0.12042434513568878,0.029443303123116493
data/test/nevus/ISIC_0014853.jpg,0.10455766320228577,0.011003074236214161
data/test/nevus/ISIC_0014854.jpg,0.1245136484503746,0.01354367658495903
data/test/nevus/ISIC_0014863.jpg,0.10576286911964417,0.3308327794075012
data/test/nevus/ISIC_0014867.jpg,0.059560418128967285,0.38411498069763184
data/test/nevus/ISIC_0014868.jpg,0.2084961235523224,0.2542644739151001
data/test/nevus/ISIC_0014876.jpg,0.14794375002384186,0.28408583998680115
data/test/nevus/ISIC_0014879.jpg,0.14186987280845642,0.2353658229112625
data/test/nevus/ISIC_0014901.jpg,0.14772655069828033,0.09209825098514557
data/test/nevus/ISIC_0014907.jpg,0.17181189358234406,0.42711853981018066
data/test/nevus/ISIC_0014910.jpg,0.31170448660850525,0.0313723087310791
data/test/nevus/ISIC_0014921.jpg,0.12113364785909653,0.004108179360628128
data/test/nevus/ISIC_0014927.jpg,0.20016750693321228,0.01410710159689188
data/test/nevus/ISIC_0014936.jpg,0.20025387406349182,0.03243885561823845
data/test/nevus/ISIC_0014938.jpg,0.3568296432495117,0.016131093725562096
data/test/nevus/ISIC_0014940.jpg,0.1019444614648819,0.009983491152524948
data/test/nevus/ISIC_0014941.jpg,0.1711043119430542,0.012809187173843384
data/test/nevus/ISIC_0014942.jpg,0.06841085106134415,0.012264817021787167
data/test/nevus/ISIC_0014943.jpg,0.09642679989337921,0.016574645414948463
data/test/nevus/ISIC_0014944.jpg,0.07128448784351349,0.004668890964239836
data/test/nevus/ISIC_0014947.jpg,0.06646564602851868,0.00254017673432827
data/test/nevus/ISIC_0014948.jpg,0.27549993991851807,0.38430047035217285
data/test/nevus/ISIC_0014949.jpg,0.0965341329574585,0.003519457532092929
data/test/nevus/ISIC_0014952.jpg,0.16106170415878296,0.08416350185871124
data/test/nevus/ISIC_0014955.jpg,0.1923774629831314,0.06521129608154297
data/test/nevus/ISIC_0014956.jpg,0.3842698335647583,0.04606816545128822
data/test/nevus/ISIC_0014957.jpg,0.17011770606040955,0.03822573646903038
data/test/nevus/ISIC_0014958.jpg,0.15665793418884277,0.3044408857822418
data/test/nevus/ISIC_0014959.jpg,0.05087410658597946,0.003650656435638666
data/test/nevus/ISIC_0014961.jpg,0.1667393445968628,0.39202040433883667
data/test/nevus/ISIC_0014962.jpg,0.10295407474040985,0.5560595989227295
data/test/nevus/ISIC_0014964.jpg,0.31823551654815674,0.06479515880346298
data/test/nevus/ISIC_0014966.jpg,0.303940087556839,0.027847854420542717
data/test/nevus/ISIC_0014968.jpg,0.34512048959732056,0.05428527668118477
data/test/nevus/ISIC_0014969.jpg,0.2144797295331955,0.3280807137489319
data/test/nevus/ISIC_0014973.jpg,0.26766422390937805,0.12291166186332703
data/test/nevus/ISIC_0014974.jpg,0.10546078532934189,0.36094769835472107
data/test/nevus/ISIC_0014977.jpg,0.1837698370218277,0.030328519642353058
data/test/nevus/ISIC_0014992.jpg,0.06334275007247925,0.006295998115092516
data/test/nevus/ISIC_0014994.jpg,0.11791380494832993,0.1364581435918808
data/test/nevus/ISIC_0014998.jpg,0.2524951100349426,0.04737350717186928
data/test/nevus/ISIC_0015002.jpg,0.18272380530834198,0.4730265736579895
data/test/nevus/ISIC_0015003.jpg,0.2747460603713989,0.07886102795600891
data/test/nevus/ISIC_0015007.jpg,0.0844152644276619,0.09429442882537842
data/test/nevus/ISIC_0015008.jpg,0.21502092480659485,0.3896297216415405
data/test/nevus/ISIC_0015009.jpg,0.24412044882774353,0.2629755139350891
data/test/nevus/ISIC_0015011.jpg,0.23264500498771667,0.25280487537384033
data/test/nevus/ISIC_0015013.jpg,0.33840784430503845,0.20205913484096527
data/test/nevus/ISIC_0015015.jpg,0.26136425137519836,0.0245981365442276
data/test/nevus/ISIC_0015016.jpg,0.3306353986263275,0.16702915728092194
data/test/nevus/ISIC_0015018.jpg,0.11434326320886612,0.058397985994815826
data/test/nevus/ISIC_0015019.jpg,0.37602663040161133,0.33296990394592285
data/test/nevus/ISIC_0015020.jpg,0.27557632327079773,0.19890792667865753
data/test/nevus/ISIC_0015021.jpg,0.10656561702489853,0.07584729790687561
data/test/nevus/ISIC_0015023.jpg,0.2315550297498703,0.06479576230049133
data/test/nevus/ISIC_0015026.jpg,0.16920462250709534,0.4563921093940735
data/test/nevus/ISIC_0015030.jpg,0.14234088361263275,0.02037092298269272
data/test/nevus/ISIC_0015031.jpg,0.15687182545661926,0.584033727645874
data/test/nevus/ISIC_0015034.jpg,0.16776280105113983,0.06452345848083496
data/test/nevus/ISIC_0015035.jpg,0.22862502932548523,0.18842634558677673
data/test/nevus/ISIC_0015037.jpg,0.39602580666542053,0.07273725420236588
data/test/nevus/ISIC_0015040.jpg,0.09589464962482452,0.499204158782959
data/test/nevus/ISIC_0015051.jpg,0.22431232035160065,0.17824865877628326
data/test/nevus/ISIC_0015056.jpg,0.40911102294921875,0.13755762577056885
data/test/nevus/ISIC_0015057.jpg,0.25988897681236267,0.2682858407497406
data/test/nevus/ISIC_0015060.jpg,0.14150847494602203,0.3887489140033722
data/test/nevus/ISIC_0015064.jpg,0.33483660221099854,0.1463148146867752
data/test/nevus/ISIC_0015078.jpg,0.13778123259544373,0.5615665316581726
data/test/nevus/ISIC_0015089.jpg,0.1877625584602356,0.3418474793434143
data/test/nevus/ISIC_0015102.jpg,0.18766489624977112,0.4915931820869446
data/test/nevus/ISIC_0015118.jpg,0.09519121050834656,0.07168146222829819
data/test/nevus/ISIC_0015125.jpg,0.12496873736381531,0.009027412161231041
data/test/nevus/ISIC_0015129.jpg,0.2178647816181183,0.3548019528388977
data/test/nevus/ISIC_0015130.jpg,0.2024734765291214,0.06431117653846741
data/test/nevus/ISIC_0015139.jpg,0.06106860935688019,0.008960381150245667
data/test/nevus/ISIC_0015140.jpg,0.48742496967315674,0.13343629240989685
data/test/nevus/ISIC_0015146.jpg,0.16127821803092957,0.005475279875099659
data/test/nevus/ISIC_0015149.jpg,0.4369160234928131,0.0974683091044426
data/test/nevus/ISIC_0015150.jpg,0.29677614569664,0.2663331627845764
data/test/nevus/ISIC_0015152.jpg,0.1577865332365036,0.23003843426704407
data/test/nevus/ISIC_0015155.jpg,0.05825832113623619,0.08789056539535522
data/test/nevus/ISIC_0015157.jpg,0.154568612575531,0.1652652621269226
data/test/nevus/ISIC_0015160.jpg,0.13505518436431885,0.32971835136413574
data/test/nevus/ISIC_0015161.jpg,0.10498300194740295,0.5446425080299377
data/test/nevus/ISIC_0015171.jpg,0.21705782413482666,0.4628705382347107
data/test/nevus/ISIC_0015173.jpg,0.3669182062149048,0.2550726532936096
data/test/nevus/ISIC_0015174.jpg,0.09348392486572266,0.015575049445033073
data/test/nevus/ISIC_0015175.jpg,0.16885927319526672,0.09503809362649918
data/test/nevus/ISIC_0015176.jpg,0.3824837803840637,0.10172665119171143
data/test/nevus/ISIC_0015179.jpg,0.17247585952281952,0.026767505332827568
data/test/nevus/ISIC_0015184.jpg,0.17489422857761383,0.056661512702703476
data/test/nevus/ISIC_0015201.jpg,0.14276684820652008,0.008447890169918537
data/test/nevus/ISIC_0015202.jpg,0.05815041437745094,0.003688933327794075
data/test/nevus/ISIC_0015203.jpg,0.34700676798820496,0.26908451318740845
data/test/nevus/ISIC_0015207.jpg,0.31042012572288513,0.20104771852493286
data/test/nevus/ISIC_0015208.jpg,0.33444008231163025,0.01276238914579153
data/test/nevus/ISIC_0015212.jpg,0.026902727782726288,0.010598383843898773
data/test/nevus/ISIC_0015215.jpg,0.21266445517539978,0.09029854089021683
data/test/nevus/ISIC_0015216.jpg,0.2703617513179779,0.305573970079422
data/test/nevus/ISIC_0015217.jpg,0.055338725447654724,0.010564743541181087
data/test/nevus/ISIC_0015218.jpg,0.0738302618265152,0.008221308700740337
data/test/nevus/ISIC_0015223.jpg,0.15100955963134766,0.06935491412878036
data/test/nevus/ISIC_0015224.jpg,0.07760649174451828,0.499070942401886
data/test/nevus/ISIC_0015226.jpg,0.14065460860729218,0.3683284819126129
data/test/nevus/ISIC_0015232.jpg,0.185249924659729,0.3820737600326538
data/test/nevus/ISIC_0015237.jpg,0.4316754639148712,0.06311427056789398
data/test/nevus/ISIC_0015241.jpg,0.06449629366397858,0.02022504433989525
data/test/nevus/ISIC_0015244.jpg,0.3471110165119171,0.20461095869541168
data/test/nevus/ISIC_0015245.jpg,0.18164971470832825,0.38216525316238403
data/test/nevus/ISIC_0015250.jpg,0.17508180439472198,0.2919909954071045
data/test/nevus/ISIC_0015254.jpg,0.29298126697540283,0.3073113262653351
data/test/nevus/ISIC_0015255.jpg,0.34265732765197754,0.19998854398727417
data/test/nevus/ISIC_0015258.jpg,0.23437020182609558,0.40268033742904663
data/test/nevus/ISIC_0015264.jpg,0.17702211439609528,0.26687750220298767
data/test/nevus/ISIC_0015270.jpg,0.13562719523906708,0.04626908153295517
data/test/nevus/ISIC_0015273.jpg,0.1898750364780426,0.12755560874938965
data/test/nevus/ISIC_0015274.jpg,0.2608044147491455,0.2391684502363205
data/test/nevus/ISIC_0015276.jpg,0.09488309919834137,0.05675759166479111
data/test/nevus/ISIC_0015279.jpg,0.13984234631061554,0.3894328474998474
data/test/nevus/ISIC_0015283.jpg,0.09686679393053055,0.010663085617125034
data/test/nevus/ISIC_0015291.jpg,0.156901553273201,0.13046202063560486
data/test/nevus/ISIC_0015293.jpg,0.14144141972064972,0.4266853630542755
data/test/nevus/ISIC_0015298.jpg,0.11697214841842651,0.06447780132293701
data/test/nevus/ISIC_0015309.jpg,0.17823860049247742,0.3990573287010193
data/test/nevus/ISIC_0015310.jpg,0.3765014410018921,0.07608269900083542
data/test/nevus/ISIC_0015311.jpg,0.22798281908035278,0.09789982438087463
data/test/nevus/ISIC_0015312.jpg,0.20822080969810486,0.015283606946468353
data/test/nevus/ISIC_0015330.jpg,0.06895560771226883,0.007069497834891081
data/test/nevus/ISIC_0015331.jpg,0.10290142893791199,0.10891997069120407
data/test/nevus/ISIC_0015347.jpg,0.16058877110481262,0.0957099124789238
data/test/nevus/ISIC_0015353.jpg,0.25863856077194214,0.4100971221923828
data/test/nevus/ISIC_0015355.jpg,0.17357026040554047,0.21437758207321167
data/test/nevus/ISIC_0015357.jpg,0.07704054564237595,0.02429739199578762
data/test/nevus/ISIC_0015360.jpg,0.3045963644981384,0.07249081134796143
data/test/nevus/ISIC_0015363.jpg,0.24012842774391174,0.44576209783554077
data/test/nevus/ISIC_0015364.jpg,0.20845739543437958,0.44927647709846497
data/test/nevus/ISIC_0015368.jpg,0.30975937843322754,0.058784905821084976
data/test/nevus/ISIC_0015369.jpg,0.09811755269765854,0.30988940596580505
data/test/nevus/ISIC_0015383.jpg,0.2585384249687195,0.03615906834602356
data/test/nevus/ISIC_0015386.jpg,0.28634658455848694,0.006358150392770767
data/test/nevus/ISIC_0015390.jpg,0.24793212115764618,0.39189910888671875
data/test/nevus/ISIC_0015395.jpg,0.14724275469779968,0.5510904788970947
data/test/nevus/ISIC_0015403.jpg,0.25832387804985046,0.16921858489513397
data/test/nevus/ISIC_0015404.jpg,0.3988834321498871,0.11331786960363388
data/test/nevus/ISIC_0015411.jpg,0.059950266033411026,0.00827107671648264
data/test/nevus/ISIC_0015412.jpg,0.43303295969963074,0.17288917303085327
data/test/nevus/ISIC_0015416.jpg,0.33198148012161255,0.07863568514585495
data/test/nevus/ISIC_0015417.jpg,0.20428495109081268,0.02165733091533184
data/test/nevus/ISIC_0015418.jpg,0.2155909240245819,0.09914404153823853
data/test/nevus/ISIC_0015419.jpg,0.15449835360050201,0.4571666717529297
data/test/nevus/ISIC_0015436.jpg,0.30446887016296387,0.2702697813510895
data/test/nevus/ISIC_0015440.jpg,0.10164386034011841,0.18966123461723328
data/test/nevus/ISIC_0015447.jpg,0.27655255794525146,0.32576802372932434
data/test/nevus/ISIC_0015455.jpg,0.1944115161895752,0.15498189628124237
data/test/nevus/ISIC_0015464.jpg,0.12194053083658218,0.02909218892455101
data/test/nevus/ISIC_0015466.jpg,0.25903111696243286,0.15154202282428741
data/test/nevus/ISIC_0015468.jpg,0.09653912484645844,0.05928368866443634
data/test/nevus/ISIC_0015476.jpg,0.15454909205436707,0.11963748186826706
data/test/nevus/ISIC_0015481.jpg,0.37349051237106323,0.03219830244779587
data/test/nevus/ISIC_0015482.jpg,0.49375319480895996,0.07180298864841461
data/test/nevus/ISIC_0015485.jpg,0.18054412305355072,0.5407047271728516
data/test/nevus/ISIC_0015510.jpg,0.12526564300060272,0.13361629843711853
data/test/nevus/ISIC_0015526.jpg,0.08453911542892456,0.0068375892005860806
data/test/nevus/ISIC_0015537.jpg,0.3169122338294983,0.35595840215682983
data/test/nevus/ISIC_0015544.jpg,0.21449226140975952,0.04861462488770485
data/test/nevus/ISIC_0015559.jpg,0.3465268611907959,0.07215578854084015
data/test/nevus/ISIC_0015563.jpg,0.19160643219947815,0.39178696274757385
data/test/nevus/ISIC_0015566.jpg,0.1465153694152832,0.36084049940109253
data/test/nevus/ISIC_0015568.jpg,0.1507311463356018,0.04471936449408531
data/test/nevus/ISIC_0015582.jpg,0.134748637676239,0.060440950095653534
data/test/nevus/ISIC_0015593.jpg,0.13598881661891937,0.19433516263961792
data/test/nevus/ISIC_0015603.jpg,0.09788819402456284,0.03209470212459564
data/test/nevus/ISIC_0015607.jpg,0.3065083920955658,0.31157732009887695
data/test/nevus/ISIC_0015614.jpg,0.19321367144584656,0.4156554043292999
data/test/nevus/ISIC_0015617.jpg,0.16296595335006714,0.0810304805636406
data/test/nevus/ISIC_0015625.jpg,0.1411672830581665,0.0143056008964777
data/test/nevus/ISIC_0015631.jpg,0.14468415081501007,0.14887124300003052
data/test/nevus/ISIC_0015636.jpg,0.23253928124904633,0.5324035882949829
data/test/nevus/ISIC_0015638.jpg,0.13971738517284393,0.1796984076499939
data/test/nevus/ISIC_0015641.jpg,0.1575019657611847,0.4861713647842407
data/test/nevus/ISIC_0015645.jpg,0.09700888395309448,0.01742757298052311
data/test/nevus/ISIC_0015936.jpg,0.2684531509876251,0.12954574823379517
data/test/nevus/ISIC_0015937.jpg,0.028326353058218956,0.0072389342822134495
data/test/nevus/ISIC_0015938.jpg,0.29786011576652527,0.042100585997104645
data/test/nevus/ISIC_0015939.jpg,0.2507658898830414,0.23946255445480347
data/test/nevus/ISIC_0015940.jpg,0.09997208416461945,0.355097234249115
data/test/nevus/ISIC_0015941.jpg,0.046770088374614716,0.006690286099910736
data/test/nevus/ISIC_0015942.jpg,0.09701251238584518,0.1160772517323494
data/test/nevus/ISIC_0015943.jpg,0.1644333153963089,0.3853222131729126
data/test/nevus/ISIC_0015944.jpg,0.14329007267951965,0.7284575700759888
data/test/nevus/ISIC_0015945.jpg,0.455541729927063,0.10396071523427963
data/test/nevus/ISIC_0015946.jpg,0.4213739037513733,0.06042192876338959
data/test/nevus/ISIC_0015947.jpg,0.19022402167320251,0.2821976840496063
data/test/nevus/ISIC_0015948.jpg,0.16408585011959076,0.11020787805318832
data/test/nevus/ISIC_0015949.jpg,0.15821951627731323,0.07458067685365677
data/test/nevus/ISIC_0015950.jpg,0.16215874254703522,0.07378420978784561
data/test/nevus/ISIC_0015951.jpg,0.2780112028121948,0.27355462312698364
data/test/nevus/ISIC_0015952.jpg,0.39493319392204285,0.2562800645828247
data/test/nevus/ISIC_0015953.jpg,0.26756492257118225,0.1331692636013031
data/test/nevus/ISIC_0015954.jpg,0.10860757529735565,0.026903335005044937
data/test/nevus/ISIC_0015955.jpg,0.23365037143230438,0.3467596471309662
data/test/nevus/ISIC_0015956.jpg,0.06228402256965637,0.0026226621121168137
data/test/nevus/ISIC_0015957.jpg,0.20425349473953247,0.3487916588783264
data/test/nevus/ISIC_0015958.jpg,0.1420315057039261,0.644375205039978
data/test/nevus/ISIC_0015959.jpg,0.20940758287906647,0.0929621234536171
data/test/nevus/ISIC_0015960.jpg,0.19606132805347443,0.2654896378517151
data/test/nevus/ISIC_0015961.jpg,0.21365763247013092,0.07229942828416824
data/test/nevus/ISIC_0015962.jpg,0.1666610836982727,0.2047273814678192
data/test/nevus/ISIC_0015963.jpg,0.25657743215560913,0.06302519142627716
data/test/nevus/ISIC_0015964.jpg,0.09488696604967117,0.015034184791147709
data/test/nevus/ISIC_0015965.jpg,0.312753289937973,0.20640762150287628
data/test/nevus/ISIC_0015966.jpg,0.32863759994506836,0.23380528390407562
data/test/nevus/ISIC_0015967.jpg,0.08010846376419067,0.521084189414978
data/test/nevus/ISIC_0015968.jpg,0.48537853360176086,0.08546179533004761
data/test/nevus/ISIC_0015969.jpg,0.23165953159332275,0.05079818516969681
data/test/nevus/ISIC_0015971.jpg,0.14739282429218292,0.0379907451570034
data/test/nevus/ISIC_0015972.jpg,0.12557485699653625,0.683364987373352
data/test/nevus/ISIC_0015973.jpg,0.13875845074653625,0.4794418215751648
data/test/nevus/ISIC_0015974.jpg,0.1951332837343216,0.19671180844306946
data/test/nevus/ISIC_0015975.jpg,0.15554551780223846,0.0075406646355986595
data/test/nevus/ISIC_0015976.jpg,0.30201199650764465,0.20452842116355896
data/test/nevus/ISIC_0015978.jpg,0.06996524333953857,0.6017987728118896
data/test/nevus/ISIC_0015979.jpg,0.09138385951519012,0.7093828916549683
data/test/nevus/ISIC_0015980.jpg,0.05962378531694412,0.04390754923224449
data/test/nevus/ISIC_0015981.jpg,0.20679567754268646,0.11887193471193314
data/test/nevus/ISIC_0015982.jpg,0.18933704495429993,0.09206759929656982
data/test/nevus/ISIC_0015983.jpg,0.14069455862045288,0.6683327555656433
data/test/nevus/ISIC_0015984.jpg,0.09162290394306183,0.665007472038269
data/test/nevus/ISIC_0015985.jpg,0.1755637377500534,0.06491999328136444
data/test/nevus/ISIC_0015986.jpg,0.2097242921590805,0.05877068266272545
data/test/nevus/ISIC_0015987.jpg,0.20892445743083954,0.05780480057001114
data/test/nevus/ISIC_0015988.jpg,0.36252182722091675,0.16521985828876495
data/test/nevus/ISIC_0015989.jpg,0.34656822681427,0.0581170953810215
data/test/nevus/ISIC_0015990.jpg,0.10632269829511642,0.025130173191428185
data/test/nevus/ISIC_0015991.jpg,0.25468555092811584,0.146013081073761
data/test/nevus/ISIC_0015992.jpg,0.12895485758781433,0.10668593645095825
data/test/nevus/ISIC_0015993.jpg,0.12770946323871613,0.06043596193194389
data/test/nevus/ISIC_0015994.jpg,0.25365331768989563,0.05236480385065079
data/test/nevus/ISIC_0015995.jpg,0.24644377827644348,0.0087658129632473
data/test/nevus/ISIC_0015996.jpg,0.16658329963684082,0.13191203773021698
data/test/nevus/ISIC_0015997.jpg,0.12421044707298279,0.054206397384405136
data/test/nevus/ISIC_0015998.jpg,0.5446441769599915,0.05135910212993622
data/test/nevus/ISIC_0015999.jpg,0.2570302188396454,0.1199067085981369
data/test/nevus/ISIC_0016000.jpg,0.3361457586288452,0.13451696932315826
data/test/nevus/ISIC_0016001.jpg,0.17404507100582123,0.48891088366508484
data/test/nevus/ISIC_0016002.jpg,0.2111925482749939,0.20350366830825806
data/test/nevus/ISIC_0016003.jpg,0.2014208436012268,0.0031808933708816767
data/test/nevus/ISIC_0016004.jpg,0.2336149662733078,0.2810325622558594
data/test/nevus/ISIC_0016005.jpg,0.3204394280910492,0.1438601016998291
data/test/nevus/ISIC_0016006.jpg,0.12873727083206177,0.5966377258300781
data/test/nevus/ISIC_0016007.jpg,0.09454658627510071,0.6249532699584961
data/test/nevus/ISIC_0016008.jpg,0.4143162965774536,0.3132897913455963
data/test/nevus/ISIC_0016009.jpg,0.07780145853757858,0.2713691294193268
data/test/nevus/ISIC_0016011.jpg,0.07690615952014923,0.6773648262023926
data/test/nevus/ISIC_0016012.jpg,0.3261716365814209,0.08714185655117035
data/test/nevus/ISIC_0016013.jpg,0.0840006172657013,0.5175777673721313
data/test/nevus/ISIC_0016014.jpg,0.07635225355625153,0.005932261236011982
data/test/nevus/ISIC_0016015.jpg,0.05102665722370148,0.015140593983232975
data/test/nevus/ISIC_0016016.jpg,0.22806701064109802,0.30403873324394226
data/test/nevus/ISIC_0016017.jpg,0.177816703915596,0.050176940858364105
data/test/nevus/ISIC_0016018.jpg,0.13244961202144623,0.08620230108499527
data/test/nevus/ISIC_0016019.jpg,0.1323024034500122,0.6703964471817017
data/test/nevus/ISIC_0016022.jpg,0.4267449676990509,0.06658425182104111
data/test/nevus/ISIC_0016023.jpg,0.14738090336322784,0.6710909605026245
data/test/nevus/ISIC_0016024.jpg,0.38735321164131165,0.14570754766464233
data/test/nevus/ISIC_0016025.jpg,0.13204264640808105,0.006587234791368246
data/test/nevus/ISIC_0016026.jpg,0.39533573389053345,0.1767081320285797
data/test/nevus/ISIC_0016027.jpg,0.2235843539237976,0.42210352420806885
data/test/nevus/ISIC_0016028.jpg,0.07108894735574722,0.42238694429397583
data/test/nevus/ISIC_0016029.jpg,0.2566341757774353,0.22835156321525574
data/test/nevus/ISIC_0016030.jpg,0.229776531457901,0.4132944345474243
data/test/nevus/ISIC_0016031.jpg,0.42304888367652893,0.14600524306297302
data/test/nevus/ISIC_0016033.jpg,0.25046607851982117,0.28592759370803833
data/test/nevus/ISIC_0016034.jpg,0.465355783700943,0.13873142004013062
data/test/nevus/ISIC_0016035.jpg,0.3794515132904053,0.27971410751342773
data/test/nevus/ISIC_0016036.jpg,0.3753438889980316,0.32812583446502686
data/test/nevus/ISIC_0016037.jpg,0.24802574515342712,0.48521479964256287
data/test/nevus/ISIC_0016038.jpg,0.09801486134529114,0.03294968232512474
data/test/nevus/ISIC_0016040.jpg,0.47732412815093994,0.11281328648328781
data/test/nevus/ISIC_0016041.jpg,0.08126382529735565,0.7078118324279785
data/test/nevus/ISIC_0016042.jpg,0.342077374458313,0.1663023978471756
data/test/nevus/ISIC_0016043.jpg,0.25356534123420715,0.17710772156715393
data/test/nevus/ISIC_0016044.jpg,0.18231891095638275,0.17529542744159698
data/test/nevus/ISIC_0016045.jpg,0.3245859146118164,0.09162480384111404
data/test/nevus/ISIC_0016046.jpg,0.37485387921333313,0.05671558901667595
data/test/nevus/ISIC_0016048.jpg,0.33387330174446106,0.11533726751804352
data/test/nevus/ISIC_0016049.jpg,0.2984760105609894,0.1421298384666443
data/test/nevus/ISIC_0016050.jpg,0.46725738048553467,0.08067639917135239
data/test/nevus/ISIC_0016051.jpg,0.16028884053230286,0.03874894231557846
data/test/nevus/ISIC_0016052.jpg,0.30025985836982727,0.4112916588783264
data/test/nevus/ISIC_0016053.jpg,0.26494354009628296,0.1922762095928192
data/test/nevus/ISIC_0016054.jpg,0.10356975346803665,0.5911816358566284
data/test/nevus/ISIC_0016055.jpg,0.11856536567211151,0.03561186045408249
data/test/nevus/ISIC_0016056.jpg,0.429274320602417,0.18742573261260986
data/test/nevus/ISIC_0016057.jpg,0.4503239393234253,0.06547457724809647
data/test/nevus/ISIC_0016058.jpg,0.09575476497411728,0.6368874907493591
data/test/nevus/ISIC_0016059.jpg,0.1856069564819336,0.049101393669843674
data/test/nevus/ISIC_0016060.jpg,0.24116244912147522,0.1947213113307953
data/test/nevus/ISIC_0016061.jpg,0.2581670880317688,0.10147690773010254
data/test/nevus/ISIC_0016062.jpg,0.1941514015197754,0.12047365307807922
data/test/nevus/ISIC_0016063.jpg,0.32550573348999023,0.08420209586620331
data/test/nevus/ISIC_0016064.jpg,0.17270317673683167,0.5714303851127625
data/test/nevus/ISIC_0016065.jpg,0.19196313619613647,0.4033942222595215
data/test/nevus/ISIC_0016066.jpg,0.48260486125946045,0.1780882477760315
data/test/nevus/ISIC_0016068.jpg,0.28406307101249695,0.03246351331472397
data/test/nevus/ISIC_0016069.jpg,0.19994023442268372,0.02132573351264
data/test/nevus/ISIC_0016070.jpg,0.12898169457912445,0.22011739015579224
data/test/nevus/ISIC_0016071.jpg,0.27018049359321594,0.05182148516178131
data/test/nevus/ISIC_0016072.jpg,0.5218990445137024,0.17756614089012146
data/test/seborrheic_keratosis/ISIC_0012086.jpg,0.06441779434680939,0.7095970511436462
data/test/seborrheic_keratosis/ISIC_0012134.jpg,0.3271614611148834,0.4559745788574219
data/test/seborrheic_keratosis/ISIC_0012136.jpg,0.24514585733413696,0.5202168822288513
data/test/seborrheic_keratosis/ISIC_0012178.jpg,0.15993089973926544,0.438784122467041
data/test/seborrheic_keratosis/ISIC_0012199.jpg,0.33661115169525146,0.014542685821652412
data/test/seborrheic_keratosis/ISIC_0012207.jpg,0.17295204102993011,0.3440169095993042
data/test/seborrheic_keratosis/ISIC_0012215.jpg,0.14787279069423676,0.6802802681922913
data/test/seborrheic_keratosis/ISIC_0012223.jpg,0.3572724461555481,0.3594035506248474
data/test/seborrheic_keratosis/ISIC_0012240.jpg,0.3984404504299164,0.3373188078403473
data/test/seborrheic_keratosis/ISIC_0012248.jpg,0.33193275332450867,0.3563583493232727
data/test/seborrheic_keratosis/ISIC_0012265.jpg,0.380086213350296,0.28427764773368835
data/test/seborrheic_keratosis/ISIC_0012266.jpg,0.27220243215560913,0.4903087019920349
data/test/seborrheic_keratosis/ISIC_0012272.jpg,0.25971904397010803,0.15318118035793304
data/test/seborrheic_keratosis/ISIC_0012273.jpg,0.23466446995735168,0.5219650864601135
data/test/seborrheic_keratosis/ISIC_0012314.jpg,0.12869715690612793,0.49093303084373474
data/test/seborrheic_keratosis/ISIC_0012323.jpg,0.21795855462551117,0.5240227580070496
data/test/seborrheic_keratosis/ISIC_0012330.jpg,0.06074300408363342,0.7275744676589966
data/test/seborrheic_keratosis/ISIC_0012358.jpg,0.13261088728904724,0.5986113548278809
data/test/seborrheic_keratosis/ISIC_0012364.jpg,0.11301443725824356,0.5876911878585815
data/test/seborrheic_keratosis/ISIC_0012372.jpg,0.20608526468276978,0.3293466866016388
data/test/seborrheic_keratosis/ISIC_0012375.jpg,0.13980145752429962,0.528657853603363
data/test/seborrheic_keratosis/ISIC_0012387.jpg,0.06180541217327118,0.7924155592918396
data/test/seborrheic_keratosis/ISIC_0012388.jpg,0.0763435885310173,0.7107568979263306
data/test/seborrheic_keratosis/ISIC_0012414.jpg,0.19039222598075867,0.457952618598938
data/test/seborrheic_keratosis/ISIC_0012428.jpg,0.2516714334487915,0.3438367247581482
data/test/seborrheic_keratosis/ISIC_0012432.jpg,0.12327222526073456,0.5712466239929199
data/test/seborrheic_keratosis/ISIC_0012447.jpg,0.1976325511932373,0.5588181018829346
data/test/seborrheic_keratosis/ISIC_0012448.jpg,0.07822555303573608,0.7647247314453125
data/test/seborrheic_keratosis/ISIC_0012510.jpg,0.2551969587802887,0.3791707754135132
data/test/seborrheic_keratosis/ISIC_0012522.jpg,0.08718162775039673,0.628503680229187
data/test/seborrheic_keratosis/ISIC_0012537.jpg,0.20660144090652466,0.5063044428825378
data/test/seborrheic_keratosis/ISIC_0012548.jpg,0.18791379034519196,0.43142634630203247
data/test/seborrheic_keratosis/ISIC_0012705.jpg,0.17516615986824036,0.5998448729515076
data/test/seborrheic_keratosis/ISIC_0012757.jpg,0.3559993505477905,0.1694987416267395
data/test/seborrheic_keratosis/ISIC_0012786.jpg,0.07484684139490128,0.7427241802215576
data/test/seborrheic_keratosis/ISIC_0012848.jpg,0.37847986817359924,0.14141640067100525
data/test/seborrheic_keratosis/ISIC_0012852.jpg,0.0983891710639,0.5595443844795227
data/test/seborrheic_keratosis/ISIC_0012928.jpg,0.09323898702859879,0.6992805600166321
data/test/seborrheic_keratosis/ISIC_0012955.jpg,0.12382656335830688,0.4480687975883484
data/test/seborrheic_keratosis/ISIC_0012974.jpg,0.21049831807613373,0.5315307378768921
data/test/seborrheic_keratosis/ISIC_0013030.jpg,0.05105074867606163,0.6827646493911743
data/test/seborrheic_keratosis/ISIC_0013035.jpg,0.08905047178268433,0.6391112804412842
data/test/seborrheic_keratosis/ISIC_0013085.jpg,0.06168422847986221,0.7494251728057861
data/test/seborrheic_keratosis/ISIC_0013169.jpg,0.18000832200050354,0.6064170598983765
data/test/seborrheic_keratosis/ISIC_0013170.jpg,0.1246001273393631,0.6501443982124329
data/test/seborrheic_keratosis/ISIC_0013203.jpg,0.12804821133613586,0.5584108233451843
data/test/seborrheic_keratosis/ISIC_0013270.jpg,0.3212187886238098,0.1751139909029007
data/test/seborrheic_keratosis/ISIC_0013271.jpg,0.4297727346420288,0.08019967377185822
data/test/seborrheic_keratosis/ISIC_0013281.jpg,0.08768638968467712,0.7817789316177368
data/test/seborrheic_keratosis/ISIC_0013319.jpg,0.40430331230163574,0.14436548948287964
data/test/seborrheic_keratosis/ISIC_0013393.jpg,0.04351991042494774,0.8079763054847717
data/test/seborrheic_keratosis/ISIC_0013465.jpg,0.07415821403265,0.5768667459487915
data/test/seborrheic_keratosis/ISIC_0013673.jpg,0.05565708130598068,0.7618580460548401
data/test/seborrheic_keratosis/ISIC_0013708.jpg,0.18367046117782593,0.6165004968643188
data/test/seborrheic_keratosis/ISIC_0013764.jpg,0.40996432304382324,0.26059427857398987
data/test/seborrheic_keratosis/ISIC_0013977.jpg,0.03537377715110779,0.7887445092201233
data/test/seborrheic_keratosis/ISIC_0014006.jpg,0.2371181845664978,0.31997543573379517
data/test/seborrheic_keratosis/ISIC_0014177.jpg,0.1384945660829544,0.5670030117034912
data/test/seborrheic_keratosis/ISIC_0014251.jpg,0.21593092381954193,0.5944896936416626
data/test/seborrheic_keratosis/ISIC_0014278.jpg,0.05543141067028046,0.5141233205795288
data/test/seborrheic_keratosis/ISIC_0014386.jpg,0.09406701475381851,0.5739676356315613
data/test/seborrheic_keratosis/ISIC_0014392.jpg,0.20285896956920624,0.44209372997283936
data/test/seborrheic_keratosis/ISIC_0014409.jpg,0.1544410139322281,0.07627054303884506
data/test/seborrheic_keratosis/ISIC_0014419.jpg,0.14344258606433868,0.5956509113311768
data/test/seborrheic_keratosis/ISIC_0014457.jpg,0.3411426842212677,0.23589086532592773
data/test/seborrheic_keratosis/ISIC_0014474.jpg,0.11220435053110123,0.6786267161369324
data/test/seborrheic_keratosis/ISIC_0014500.jpg,0.31137585639953613,0.45322906970977783
data/test/seborrheic_keratosis/ISIC_0014503.jpg,0.08384397625923157,0.5432531833648682
data/test/seborrheic_keratosis/ISIC_0014567.jpg,0.14086371660232544,0.5019190907478333
data/test/seborrheic_keratosis/ISIC_0014574.jpg,0.16673554480075836,0.3645530939102173
data/test/seborrheic_keratosis/ISIC_0014575.jpg,0.1554054617881775,0.49276310205459595
data/test/seborrheic_keratosis/ISIC_0014586.jpg,0.30458375811576843,0.023641718551516533
data/test/seborrheic_keratosis/ISIC_0014587.jpg,0.09164776653051376,0.4384138286113739
data/test/seborrheic_keratosis/ISIC_0014588.jpg,0.09640622138977051,0.4910195767879486
data/test/seborrheic_keratosis/ISIC_0014590.jpg,0.14224223792552948,0.25130248069763184
data/test/seborrheic_keratosis/ISIC_0014600.jpg,0.19465923309326172,0.13744793832302094
data/test/seborrheic_keratosis/ISIC_0014619.jpg,0.1384272575378418,0.28944748640060425
data/test/seborrheic_keratosis/ISIC_0014626.jpg,0.14325496554374695,0.6031602621078491
data/test/seborrheic_keratosis/ISIC_0014627.jpg,0.07389885187149048,0.3717847466468811
data/test/seborrheic_keratosis/ISIC_0014629.jpg,0.10293330252170563,0.6317925453186035
data/test/seborrheic_keratosis/ISIC_0014631.jpg,0.222137913107872,0.2279069870710373
data/test/seborrheic_keratosis/ISIC_0014634.jpg,0.14558406174182892,0.6365483999252319
data/test/seborrheic_keratosis/ISIC_0014643.jpg,0.08125868439674377,0.6741656064987183
data/test/seborrheic_keratosis/ISIC_0014644.jpg,0.11568352580070496,0.389713317155838
data/test/seborrheic_keratosis/ISIC_0014645.jpg,0.12676852941513062,0.5930637717247009
data/test/seborrheic_keratosis/ISIC_0014647.jpg,0.08489259332418442,0.5054160952568054
data/test/seborrheic_keratosis/ISIC_0014648.jpg,0.06653334945440292,0.6101391315460205
data/test/seborrheic_keratosis/ISIC_0014649.jpg,0.06106482446193695,0.5624532699584961
data/test/seborrheic_keratosis/ISIC_0014652.jpg,0.152704656124115,0.4075984060764313
data/test/seborrheic_keratosis/ISIC_0014653.jpg,0.16715534031391144,0.11467830836772919
